nom_du_joueur;IDjoueur;nom_du_jeu;action_de_jeu;mise;difficulty;score;gagnant
Anton;8szmuppws;Logique2;1;1;0.1;1;1
Anton;8szmuppws;Logique2;2;7;0.2;8;1
Anton;8szmuppws;Logique2;3;1;0.30000000000000004;7;0
Anton;8szmuppws;Logique2;4;7;0.20000000000000004;14;1
Anton;8szmuppws;Logique2;5;3;0.30000000000000004;17;1
Anton;8szmuppws;Logique2;6;5;0.4;12;0
Anton;8szmuppws;Logique2;7;3;0.30000000000000004;15;1
Anton;8szmuppws;Logique2;8;2;0.4;13;0
Anton;8szmuppws;Logique2;9;4;0.30000000000000004;9;0
Anton;8szmuppws;Logique2;10;7;0.20000000000000004;16;1
Anton;8szmuppws;Logique2;11;7;0.30000000000000004;23;1
Anton;8szmuppws;Logique2;12;7;0.4;16;0
Anton;8szmuppws;Logique2;13;7;0.30000000000000004;23;1
Anton;8szmuppws;Logique2;14;7;0.4;30;1
Anton;8szmuppws;Logique2;15;7;0.5;23;0
Anton;8szmuppws;Logique2;16;7;0.4;30;1
Anton;8szmuppws;Logique2;17;1;0.5;31;1
Anton;8szmuppws;Logique2;18;2;0.6;33;1
Anton;8szmuppws;Logique2;19;4;0.7;37;1
Anton;8szmuppws;Logique2;20;1;0.7999999999999999;38;1
Anton;8szmuppws;Logique2;21;1;0.8999999999999999;39;1
Anton;8szmuppws;Logique2;22;4;0.9999999999999999;43;1
Anton;8szmuppws;Logique2;23;2;1;41;0
Anton;8szmuppws;Logique2;24;1;0.9;40;0
Anton;8szmuppws;Logique2;25;4;0.8;44;1
Anton;8szmuppws;Logique2;26;2;0.9;42;0
Anton;8szmuppws;Logique2;27;1;0.8;41;0
Anton;8szmuppws;Logique2;28;1;0.7000000000000001;42;1
Anton;8szmuppws;Logique2;29;1;0.8;41;0
Anton;8szmuppws;Logique2;30;2;0.7000000000000001;39;0
Anton;8szmuppws;Sensoriel;1;7;0;7;1
Anton;8szmuppws;Sensoriel;2;7;0.1;0;0
Anton;8szmuppws;Sensoriel;3;7;0;7;1
Anton;8szmuppws;Sensoriel;4;7;0.1;14;1
Anton;8szmuppws;Sensoriel;5;4;0.2;18;1
Anton;8szmuppws;Sensoriel;6;5;0.30000000000000004;13;0
Anton;8szmuppws;Sensoriel;7;7;0.20000000000000004;6;0
Anton;8szmuppws;Sensoriel;8;7;0.10000000000000003;13;1
Anton;8szmuppws;Sensoriel;9;7;0.20000000000000004;20;1
Anton;8szmuppws;Sensoriel;10;7;0.30000000000000004;13;0
Anton;8szmuppws;Sensoriel;11;7;0.20000000000000004;20;1
Anton;8szmuppws;Sensoriel;12;7;0.30000000000000004;27;1
Anton;8szmuppws;Sensoriel;13;7;0.4;34;1
Anton;8szmuppws;Sensoriel;14;7;0.5;41;1
Anton;8szmuppws;Sensoriel;15;7;0.6;34;0
Anton;8szmuppws;Sensoriel;16;4;0.5;30;0
Anton;8szmuppws;Sensoriel;17;2;0.4;28;0
Anton;8szmuppws;Sensoriel;18;1;0.30000000000000004;27;0
Anton;8szmuppws;Sensoriel;19;3;0.20000000000000004;24;0
Anton;8szmuppws;Sensoriel;20;4;0.10000000000000003;20;0
Anton;8szmuppws;Sensoriel;21;3;2.7755575615628914e-17;23;1
Anton;8szmuppws;Sensoriel;22;2;0.10000000000000003;21;0
Anton;8szmuppws;Sensoriel;23;3;2.7755575615628914e-17;18;0
Anton;8szmuppws;Sensoriel;24;6;0;24;1
Anton;8szmuppws;Sensoriel;25;7;0.1;31;1
Anton;8szmuppws;Sensoriel;26;7;0.2;38;1
Anton;8szmuppws;Sensoriel;27;6;0.30000000000000004;32;0
Anton;8szmuppws;Sensoriel;28;5;0.20000000000000004;37;1
Anton;8szmuppws;Sensoriel;29;7;0.30000000000000004;44;1
Anton;8szmuppws;Sensoriel;30;6;0.4;38;0
Anton;8szmuppws;Motrice;1;2;4.034264097200273;-2;0
Anton;8szmuppws;Motrice;2;1;3.1634973615297346;-3;0
Anton;8szmuppws;Motrice;3;1;2.006938556659452;-4;0
Anton;8szmuppws;Motrice;4;1;0.138902552083896;-3;1
Anton;8szmuppws;Motrice;5;2;2.006938556659452;-1;1
Anton;8szmuppws;Motrice;6;1;3.1634973615297346;-2;0
Anton;8szmuppws;Motrice;7;1;2.006938556659452;-1;1
Anton;8szmuppws;Motrice;8;1;3.1634973615297346;-2;0
Anton;8szmuppws;Motrice;9;1;2.006938556659452;-1;1
Anton;8szmuppws;Motrice;10;1;3.1634973615297346;-2;0
Anton;8szmuppws;Motrice;11;7;2.006938556659452;5;1
Anton;8szmuppws;Motrice;12;1;3.1634973615297346;4;0
Anton;8szmuppws;Motrice;13;1;2.006938556659452;5;1
Anton;8szmuppws;Motrice;14;2;3.1634973615297346;3;0
Anton;8szmuppws;Motrice;15;1;2.006938556659452;2;0
Anton;8szmuppws;Motrice;16;7;0.138902552083896;9;1
Anton;8szmuppws;Motrice;17;4;2.006938556659452;13;1
Anton;8szmuppws;Motrice;18;1;3.1634973615297346;14;1
Anton;8szmuppws;Motrice;19;1;4.034264097200273;13;0
Anton;8szmuppws;Motrice;20;1;3.1634973615297346;14;1
Anton;8szmuppws;Motrice;21;1;4.034264097200273;15;1
Anton;8szmuppws;Motrice;22;1;4.7534692783297245;14;0
Anton;8szmuppws;Motrice;23;1;4.034264097200273;15;1
Anton;8szmuppws;Motrice;24;1;4.7534692783297245;16;1
Anton;8szmuppws;Motrice;25;5;5.381755349031991;21;1
Anton;8szmuppws;Motrice;26;4;5.95240197898444;17;0
Anton;8szmuppws;Motrice;27;2;5.381755349031991;15;0
Anton;8szmuppws;Motrice;28;3;4.7534692783297245;12;0
Anton;8szmuppws;Motrice;29;5;4.034264097200273;7;0
Anton;8szmuppws;Motrice;30;5;3.1634973615297346;12;1
comte;by8iexwcm;Motrice;1;3;4.034264097200273;3;1
comte;by8iexwcm;Motrice;2;6;4.7534692783297245;-3;0
comte;by8iexwcm;Motrice;3;4;4.034264097200273;-7;0
comte;by8iexwcm;Motrice;4;4;3.1634973615297346;-11;0
comte;by8iexwcm;Motrice;5;3;2.006938556659452;-8;1
comte;by8iexwcm;Motrice;6;3;3.1634973615297346;-5;1
comte;by8iexwcm;Motrice;7;3;4.034264097200273;-8;0
comte;by8iexwcm;Motrice;8;3;3.1634973615297346;-5;1
comte;by8iexwcm;Motrice;9;3;4.034264097200273;-2;1
comte;by8iexwcm;Motrice;10;3;4.7534692783297245;1;1
comte;by8iexwcm;Motrice;11;3;5.381755349031991;4;1
comte;by8iexwcm;Motrice;12;3;5.95240197898444;7;1
comte;by8iexwcm;Motrice;13;3;6.486337229729588;10;1
comte;by8iexwcm;Motrice;14;3;6.998323261344622;13;1
comte;by8iexwcm;Motrice;15;3;7.5;16;1
comte;by8iexwcm;Motrice;16;3;8.001676738655377;19;1
comte;by8iexwcm;Motrice;17;3;8.513662770270411;16;0
comte;by8iexwcm;Motrice;18;3;8.001676738655377;19;1
comte;by8iexwcm;Motrice;19;3;8.513662770270411;16;0
comte;by8iexwcm;Motrice;20;3;8.001676738655377;13;0
comte;by8iexwcm;Motrice;21;3;7.5;10;0
comte;by8iexwcm;Motrice;22;3;6.998323261344622;13;1
comte;by8iexwcm;Motrice;23;3;7.5;16;1
comte;by8iexwcm;Motrice;24;3;8.001676738655377;13;0
comte;by8iexwcm;Motrice;25;3;7.5;10;0
comte;by8iexwcm;Motrice;26;3;6.998323261344622;7;0
comte;by8iexwcm;Motrice;27;3;6.486337229729588;10;1
comte;by8iexwcm;Motrice;28;3;6.998323261344622;13;1
comte;by8iexwcm;Motrice;29;3;7.5;16;1
comte;by8iexwcm;Motrice;30;3;8.001676738655377;13;0
comte;by8iexwcm;Sensoriel;1;7;0;7;1
comte;by8iexwcm;Sensoriel;2;7;0.1;0;0
comte;by8iexwcm;Sensoriel;3;7;0;7;1
comte;by8iexwcm;Sensoriel;4;7;0.1;14;1
comte;by8iexwcm;Sensoriel;5;7;0.2;21;1
comte;by8iexwcm;Sensoriel;6;4;0.30000000000000004;25;1
comte;by8iexwcm;Sensoriel;7;7;0.4;32;1
comte;by8iexwcm;Sensoriel;8;7;0.5;39;1
comte;by8iexwcm;Sensoriel;9;4;0.6;35;0
comte;by8iexwcm;Sensoriel;10;7;0.5;28;0
comte;by8iexwcm;Sensoriel;11;3;0.4;25;0
comte;by8iexwcm;Sensoriel;12;1;0.30000000000000004;24;0
comte;by8iexwcm;Sensoriel;13;1;0.20000000000000004;23;0
comte;by8iexwcm;Sensoriel;14;1;0.10000000000000003;24;1
comte;by8iexwcm;Sensoriel;15;1;0.20000000000000004;23;0
comte;by8iexwcm;Sensoriel;16;3;0.10000000000000003;20;0
comte;by8iexwcm;Sensoriel;17;2;2.7755575615628914e-17;22;1
comte;by8iexwcm;Sensoriel;18;7;0.10000000000000003;29;1
comte;by8iexwcm;Sensoriel;19;7;0.20000000000000004;36;1
comte;by8iexwcm;Sensoriel;20;7;0.30000000000000004;43;1
comte;by8iexwcm;Sensoriel;21;3;0.4;46;1
comte;by8iexwcm;Sensoriel;22;3;0.5;49;1
comte;by8iexwcm;Sensoriel;23;2;0.6;47;0
comte;by8iexwcm;Sensoriel;24;1;0.5;46;0
comte;by8iexwcm;Sensoriel;25;1;0.4;47;1
comte;by8iexwcm;Sensoriel;26;1;0.5;46;0
comte;by8iexwcm;Sensoriel;27;1;0.4;47;1
comte;by8iexwcm;Sensoriel;28;1;0.5;46;0
comte;by8iexwcm;Sensoriel;29;1;0.4;45;0
comte;by8iexwcm;Sensoriel;30;1;0.30000000000000004;44;0
comte;by8iexwcm;Logique2;1;1;0.1;1;1
comte;by8iexwcm;Logique2;2;3;0.2;4;1
comte;by8iexwcm;Logique2;3;3;0.30000000000000004;1;0
comte;by8iexwcm;Logique2;4;3;0.20000000000000004;4;1
comte;by8iexwcm;Logique2;5;3;0.30000000000000004;7;1
comte;by8iexwcm;Logique2;6;3;0.4;10;1
comte;by8iexwcm;Logique2;7;3;0.5;7;0
comte;by8iexwcm;Logique2;8;3;0.4;10;1
comte;by8iexwcm;Logique2;9;3;0.5;13;1
comte;by8iexwcm;Logique2;10;4;0.6;9;0
comte;by8iexwcm;Logique2;11;3;0.5;6;0
comte;by8iexwcm;Logique2;12;1;0.4;7;1
comte;by8iexwcm;Logique2;13;3;0.5;4;0
comte;by8iexwcm;Logique2;14;1;0.4;3;0
comte;by8iexwcm;Logique2;15;1;0.30000000000000004;4;1
comte;by8iexwcm;Logique2;16;4;0.4;8;1
comte;by8iexwcm;Logique2;17;4;0.5;12;1
comte;by8iexwcm;Logique2;18;2;0.6;14;1
comte;by8iexwcm;Logique2;19;3;0.7;17;1
comte;by8iexwcm;Logique2;20;4;0.7999999999999999;13;0
comte;by8iexwcm;Logique2;21;2;0.7;15;1
comte;by8iexwcm;Logique2;22;3;0.7999999999999999;18;1
comte;by8iexwcm;Logique2;23;4;0.8999999999999999;14;0
comte;by8iexwcm;Logique2;24;2;0.7999999999999999;16;1
comte;by8iexwcm;Logique2;25;3;0.8999999999999999;13;0
comte;by8iexwcm;Logique2;26;2;0.7999999999999999;15;1
comte;by8iexwcm;Logique2;27;2;0.8999999999999999;17;1
comte;by8iexwcm;Logique2;28;2;0.9999999999999999;15;0
comte;by8iexwcm;Logique2;29;1;0.8999999999999999;14;0
comte;by8iexwcm;Logique2;30;1;0.7999999999999999;13;0
Matthieu;yt5tltbjd;Motrice;1;7;4.034264097200273;7;1
Matthieu;yt5tltbjd;Motrice;2;7;4.7534692783297245;0;0
Matthieu;yt5tltbjd;Motrice;3;7;4.034264097200273;-7;0
Matthieu;yt5tltbjd;Motrice;4;7;3.1634973615297346;-14;0
Matthieu;yt5tltbjd;Motrice;5;7;2.006938556659452;-7;1
Matthieu;yt5tltbjd;Motrice;6;7;3.1634973615297346;-14;0
Matthieu;yt5tltbjd;Motrice;7;7;2.006938556659452;-7;1
Matthieu;yt5tltbjd;Motrice;8;7;3.1634973615297346;0;1
Matthieu;yt5tltbjd;Motrice;9;7;4.034264097200273;-7;0
Matthieu;yt5tltbjd;Motrice;10;7;3.1634973615297346;-14;0
Matthieu;yt5tltbjd;Motrice;11;7;2.006938556659452;-7;1
Matthieu;yt5tltbjd;Motrice;12;7;3.1634973615297346;-14;0
Matthieu;yt5tltbjd;Motrice;13;7;2.006938556659452;-7;1
Matthieu;yt5tltbjd;Motrice;14;1;3.1634973615297346;-8;0
Matthieu;yt5tltbjd;Motrice;15;7;2.006938556659452;-1;1
Matthieu;yt5tltbjd;Motrice;16;3;3.1634973615297346;-4;0
Matthieu;yt5tltbjd;Motrice;17;7;2.006938556659452;-11;0
Matthieu;yt5tltbjd;Motrice;18;7;0.138902552083896;-4;1
Matthieu;yt5tltbjd;Motrice;19;7;2.006938556659452;3;1
Matthieu;yt5tltbjd;Motrice;20;3;3.1634973615297346;0;0
Matthieu;yt5tltbjd;Motrice;21;7;2.006938556659452;7;1
Matthieu;yt5tltbjd;Motrice;22;1;3.1634973615297346;6;0
Matthieu;yt5tltbjd;Motrice;23;7;2.006938556659452;-1;0
Matthieu;yt5tltbjd;Motrice;24;7;0.138902552083896;6;1
Matthieu;yt5tltbjd;Motrice;25;3;2.006938556659452;3;0
Matthieu;yt5tltbjd;Motrice;26;7;0.138902552083896;10;1
Matthieu;yt5tltbjd;Motrice;27;3;2.006938556659452;7;0
Matthieu;yt5tltbjd;Motrice;28;7;0.138902552083896;14;1
Matthieu;yt5tltbjd;Motrice;29;7;2.006938556659452;7;0
Matthieu;yt5tltbjd;Motrice;30;7;0.138902552083896;14;1
Matthieu;yt5tltbjd;Logique2;1;7;0.1;7;1
Matthieu;yt5tltbjd;Logique2;2;7;0.2;14;1
Matthieu;yt5tltbjd;Logique2;3;7;0.30000000000000004;21;1
Matthieu;yt5tltbjd;Logique2;4;7;0.4;28;1
Matthieu;yt5tltbjd;Logique2;5;7;0.5;35;1
Matthieu;yt5tltbjd;Logique2;6;7;0.6;42;1
Matthieu;yt5tltbjd;Logique2;7;7;0.7;35;0
Matthieu;yt5tltbjd;Logique2;8;7;0.6;42;1
Matthieu;yt5tltbjd;Logique2;9;7;0.7;49;1
Matthieu;yt5tltbjd;Logique2;10;7;0.7999999999999999;42;0
Matthieu;yt5tltbjd;Logique2;11;7;0.7;49;1
Matthieu;yt5tltbjd;Logique2;12;7;0.7999999999999999;56;1
Matthieu;yt5tltbjd;Logique2;13;7;0.8999999999999999;49;0
Matthieu;yt5tltbjd;Logique2;14;7;0.7999999999999999;42;0
Matthieu;yt5tltbjd;Logique2;15;7;0.7;35;0
Matthieu;yt5tltbjd;Logique2;16;7;0.6;28;0
Matthieu;yt5tltbjd;Logique2;17;7;0.5;35;1
Matthieu;yt5tltbjd;Logique2;18;7;0.6;28;0
Matthieu;yt5tltbjd;Logique2;19;7;0.5;35;1
Matthieu;yt5tltbjd;Logique2;20;7;0.6;42;1
Matthieu;yt5tltbjd;Logique2;21;7;0.7;49;1
Matthieu;yt5tltbjd;Logique2;22;7;0.7999999999999999;56;1
Matthieu;yt5tltbjd;Logique2;23;7;0.8999999999999999;49;0
Matthieu;yt5tltbjd;Logique2;24;7;0.7999999999999999;56;1
Matthieu;yt5tltbjd;Logique2;25;7;0.8999999999999999;49;0
Matthieu;yt5tltbjd;Logique2;26;7;0.7999999999999999;42;0
Matthieu;yt5tltbjd;Logique2;27;7;0.7;35;0
Matthieu;yt5tltbjd;Logique2;28;7;0.6;42;1
Matthieu;yt5tltbjd;Logique2;29;7;0.7;49;1
Matthieu;yt5tltbjd;Logique2;30;7;0.7999999999999999;56;1
Matthieu;yt5tltbjd;Sensoriel;1;7;0;7;1
Matthieu;yt5tltbjd;Sensoriel;2;7;0.1;0;0
Matthieu;yt5tltbjd;Sensoriel;3;7;0;7;1
Matthieu;yt5tltbjd;Sensoriel;4;7;0.1;0;0
Matthieu;yt5tltbjd;Sensoriel;5;7;0;7;1
Matthieu;yt5tltbjd;Sensoriel;6;7;0.1;14;1
Matthieu;yt5tltbjd;Sensoriel;7;7;0.2;21;1
Matthieu;yt5tltbjd;Sensoriel;8;7;0.30000000000000004;28;1
Matthieu;yt5tltbjd;Sensoriel;9;1;0.4;27;0
Matthieu;yt5tltbjd;Sensoriel;10;7;0.30000000000000004;20;0
Matthieu;yt5tltbjd;Sensoriel;11;7;0.20000000000000004;27;1
Matthieu;yt5tltbjd;Sensoriel;12;7;0.30000000000000004;34;1
Matthieu;yt5tltbjd;Sensoriel;13;1;0.4;33;0
Matthieu;yt5tltbjd;Sensoriel;14;1;0.30000000000000004;32;0
Matthieu;yt5tltbjd;Sensoriel;15;1;0.20000000000000004;31;0
Matthieu;yt5tltbjd;Sensoriel;16;1;0.10000000000000003;30;0
Matthieu;yt5tltbjd;Sensoriel;17;2;2.7755575615628914e-17;28;0
Matthieu;yt5tltbjd;Sensoriel;18;7;0;21;0
Matthieu;yt5tltbjd;Sensoriel;19;7;0;28;1
Matthieu;yt5tltbjd;Sensoriel;20;7;0.1;35;1
Matthieu;yt5tltbjd;Sensoriel;21;7;0.2;42;1
Matthieu;yt5tltbjd;Sensoriel;22;2;0.30000000000000004;40;0
Matthieu;yt5tltbjd;Sensoriel;23;7;0.20000000000000004;47;1
Matthieu;yt5tltbjd;Sensoriel;24;7;0.30000000000000004;40;0
Matthieu;yt5tltbjd;Sensoriel;25;7;0.20000000000000004;47;1
Matthieu;yt5tltbjd;Sensoriel;26;1;0.30000000000000004;46;0
Matthieu;yt5tltbjd;Sensoriel;27;7;0.20000000000000004;39;0
Matthieu;yt5tltbjd;Sensoriel;28;7;0.10000000000000003;46;1
Matthieu;yt5tltbjd;Sensoriel;29;7;0.20000000000000004;53;1
Matthieu;yt5tltbjd;Sensoriel;30;1;0.30000000000000004;52;0
Melissa;vtr2jxgs3;Logique2;1;7;0.1;7;1
Melissa;vtr2jxgs3;Logique2;2;7;0.2;14;1
Melissa;vtr2jxgs3;Logique2;3;2;0.30000000000000004;12;0
Melissa;vtr2jxgs3;Logique2;4;7;0.20000000000000004;19;1
Melissa;vtr2jxgs3;Logique2;5;7;0.30000000000000004;26;1
Melissa;vtr2jxgs3;Logique2;6;7;0.4;33;1
Melissa;vtr2jxgs3;Logique2;7;7;0.5;40;1
Melissa;vtr2jxgs3;Logique2;8;7;0.6;33;0
Melissa;vtr2jxgs3;Logique2;9;3;0.5;30;0
Melissa;vtr2jxgs3;Logique2;10;4;0.4;26;0
Melissa;vtr2jxgs3;Logique2;11;2;0.30000000000000004;28;1
Melissa;vtr2jxgs3;Logique2;12;7;0.4;35;1
Melissa;vtr2jxgs3;Logique2;13;1;0.5;34;0
Melissa;vtr2jxgs3;Logique2;14;3;0.4;37;1
Melissa;vtr2jxgs3;Logique2;15;6;0.5;43;1
Melissa;vtr2jxgs3;Logique2;16;7;0.6;50;1
Melissa;vtr2jxgs3;Logique2;17;1;0.7;51;1
Melissa;vtr2jxgs3;Logique2;18;6;0.7999999999999999;57;1
Melissa;vtr2jxgs3;Logique2;19;7;0.8999999999999999;50;0
Melissa;vtr2jxgs3;Logique2;20;5;0.7999999999999999;55;1
Melissa;vtr2jxgs3;Logique2;21;7;0.8999999999999999;62;1
Melissa;vtr2jxgs3;Logique2;22;4;0.9999999999999999;66;1
Melissa;vtr2jxgs3;Logique2;23;4;1;62;0
Melissa;vtr2jxgs3;Logique2;24;1;0.9;61;0
Melissa;vtr2jxgs3;Logique2;25;4;0.8;57;0
Melissa;vtr2jxgs3;Logique2;26;3;0.7000000000000001;60;1
Melissa;vtr2jxgs3;Logique2;27;7;0.8;67;1
Melissa;vtr2jxgs3;Logique2;28;1;0.9;66;0
Melissa;vtr2jxgs3;Logique2;29;7;0.8;73;1
Melissa;vtr2jxgs3;Logique2;30;1;0.9;72;0
Melissa;vtr2jxgs3;Motrice;1;3;4.034264097200273;-3;0
Melissa;vtr2jxgs3;Motrice;2;3;3.1634973615297346;0;1
Melissa;vtr2jxgs3;Motrice;3;3;4.034264097200273;3;1
Melissa;vtr2jxgs3;Motrice;4;4;4.7534692783297245;7;1
Melissa;vtr2jxgs3;Motrice;5;5;5.381755349031991;12;1
Melissa;vtr2jxgs3;Motrice;6;6;5.95240197898444;6;0
Melissa;vtr2jxgs3;Motrice;7;6;5.381755349031991;0;0
Melissa;vtr2jxgs3;Motrice;8;5;4.7534692783297245;-5;0
Melissa;vtr2jxgs3;Motrice;9;4;4.034264097200273;-1;1
Melissa;vtr2jxgs3;Motrice;10;4;4.7534692783297245;3;1
Melissa;vtr2jxgs3;Motrice;11;5;5.381755349031991;8;1
Melissa;vtr2jxgs3;Motrice;12;7;5.95240197898444;1;0
Melissa;vtr2jxgs3;Motrice;13;4;5.381755349031991;-3;0
Melissa;vtr2jxgs3;Motrice;14;4;4.7534692783297245;1;1
Melissa;vtr2jxgs3;Motrice;15;4;5.381755349031991;5;1
Melissa;vtr2jxgs3;Motrice;16;4;5.95240197898444;1;0
Melissa;vtr2jxgs3;Motrice;17;4;5.381755349031991;-3;0
Melissa;vtr2jxgs3;Motrice;18;4;4.7534692783297245;1;1
Melissa;vtr2jxgs3;Motrice;19;4;5.381755349031991;-3;0
Melissa;vtr2jxgs3;Motrice;20;4;4.7534692783297245;1;1
Melissa;vtr2jxgs3;Motrice;21;4;5.381755349031991;5;1
Melissa;vtr2jxgs3;Motrice;22;4;5.95240197898444;9;1
Melissa;vtr2jxgs3;Motrice;23;4;6.486337229729588;13;1
Melissa;vtr2jxgs3;Motrice;24;4;6.998323261344622;17;1
Melissa;vtr2jxgs3;Motrice;25;4;7.5;21;1
Melissa;vtr2jxgs3;Motrice;26;4;8.001676738655377;17;0
Melissa;vtr2jxgs3;Motrice;27;4;7.5;21;1
Melissa;vtr2jxgs3;Motrice;28;3;8.001676738655377;18;0
Melissa;vtr2jxgs3;Motrice;29;4;7.5;14;0
Melissa;vtr2jxgs3;Motrice;30;4;6.998323261344622;18;1
Melissa;vtr2jxgs3;Sensoriel;1;7;0;-7;0
Melissa;vtr2jxgs3;Sensoriel;2;4;0;-11;0
Melissa;vtr2jxgs3;Sensoriel;3;7;0;-18;0
Melissa;vtr2jxgs3;Sensoriel;4;1;0;-19;0
Melissa;vtr2jxgs3;Sensoriel;5;7;0;-12;1
Melissa;vtr2jxgs3;Sensoriel;6;7;0.1;-5;1
Melissa;vtr2jxgs3;Sensoriel;7;7;0.2;2;1
Melissa;vtr2jxgs3;Sensoriel;8;7;0.30000000000000004;9;1
Melissa;vtr2jxgs3;Sensoriel;9;7;0.4;16;1
Melissa;vtr2jxgs3;Sensoriel;10;2;0.5;14;0
Melissa;vtr2jxgs3;Sensoriel;11;1;0.4;13;0
Melissa;vtr2jxgs3;Sensoriel;12;7;0.30000000000000004;6;0
Melissa;vtr2jxgs3;Sensoriel;13;4;0.20000000000000004;2;0
Melissa;vtr2jxgs3;Sensoriel;14;4;0.10000000000000003;-2;0
Melissa;vtr2jxgs3;Sensoriel;15;7;2.7755575615628914e-17;5;1
Melissa;vtr2jxgs3;Sensoriel;16;7;0.10000000000000003;12;1
Melissa;vtr2jxgs3;Sensoriel;17;7;0.20000000000000004;19;1
Melissa;vtr2jxgs3;Sensoriel;18;7;0.30000000000000004;12;0
Melissa;vtr2jxgs3;Sensoriel;19;7;0.20000000000000004;19;1
Melissa;vtr2jxgs3;Sensoriel;20;1;0.30000000000000004;20;1
Melissa;vtr2jxgs3;Sensoriel;21;1;0.4;19;0
Melissa;vtr2jxgs3;Sensoriel;22;7;0.30000000000000004;12;0
Melissa;vtr2jxgs3;Sensoriel;23;7;0.20000000000000004;5;0
Melissa;vtr2jxgs3;Sensoriel;24;1;0.10000000000000003;6;1
Melissa;vtr2jxgs3;Sensoriel;25;7;0.20000000000000004;13;1
Melissa;vtr2jxgs3;Sensoriel;26;7;0.30000000000000004;20;1
Melissa;vtr2jxgs3;Sensoriel;27;7;0.4;27;1
Melissa;vtr2jxgs3;Sensoriel;28;1;0.5;26;0
Melissa;vtr2jxgs3;Sensoriel;29;1;0.4;25;0
Melissa;vtr2jxgs3;Sensoriel;30;1;0.30000000000000004;24;0
helene;du4i2zx1r;Motrice;1;2;4.034264097200273;-2;0
helene;du4i2zx1r;Motrice;2;1;3.1634973615297346;-1;1
helene;du4i2zx1r;Motrice;3;2;4.034264097200273;-3;0
helene;du4i2zx1r;Motrice;4;2;3.1634973615297346;-5;0
helene;du4i2zx1r;Motrice;5;1;2.006938556659452;-4;1
helene;du4i2zx1r;Motrice;6;2;3.1634973615297346;-6;0
helene;du4i2zx1r;Motrice;7;2;2.006938556659452;-4;1
helene;du4i2zx1r;Motrice;8;3;3.1634973615297346;-7;0
helene;du4i2zx1r;Motrice;9;3;2.006938556659452;-4;1
helene;du4i2zx1r;Motrice;10;3;3.1634973615297346;-7;0
helene;du4i2zx1r;Motrice;11;7;2.006938556659452;0;1
helene;du4i2zx1r;Motrice;12;7;3.1634973615297346;-7;0
helene;du4i2zx1r;Motrice;13;5;2.006938556659452;-2;1
helene;du4i2zx1r;Motrice;14;5;3.1634973615297346;-7;0
helene;du4i2zx1r;Motrice;15;5;2.006938556659452;-2;1
helene;du4i2zx1r;Motrice;16;3;3.1634973615297346;-5;0
helene;du4i2zx1r;Motrice;17;2;2.006938556659452;-7;0
helene;du4i2zx1r;Motrice;18;2;0.138902552083896;-5;1
helene;du4i2zx1r;Motrice;19;2;2.006938556659452;-7;0
helene;du4i2zx1r;Motrice;20;7;0.138902552083896;0;1
helene;du4i2zx1r;Motrice;21;2;2.006938556659452;-2;0
helene;du4i2zx1r;Motrice;22;7;0.138902552083896;5;1
helene;du4i2zx1r;Motrice;23;1;2.006938556659452;6;1
helene;du4i2zx1r;Motrice;24;1;3.1634973615297346;5;0
helene;du4i2zx1r;Motrice;25;1;2.006938556659452;6;1
helene;du4i2zx1r;Motrice;26;2;3.1634973615297346;4;0
helene;du4i2zx1r;Motrice;27;2;2.006938556659452;2;0
helene;du4i2zx1r;Motrice;28;7;0.138902552083896;9;1
helene;du4i2zx1r;Motrice;29;2;2.006938556659452;7;0
helene;du4i2zx1r;Motrice;30;7;0.138902552083896;14;1
helene;du4i2zx1r;Logique2;1;2;0.1;2;1
helene;du4i2zx1r;Logique2;2;6;0.2;8;1
helene;du4i2zx1r;Logique2;3;7;0.30000000000000004;15;1
helene;du4i2zx1r;Logique2;4;2;0.4;17;1
helene;du4i2zx1r;Logique2;5;1;0.5;16;0
helene;du4i2zx1r;Logique2;6;1;0.4;15;0
helene;du4i2zx1r;Logique2;7;1;0.30000000000000004;14;0
helene;du4i2zx1r;Logique2;8;7;0.20000000000000004;21;1
helene;du4i2zx1r;Logique2;9;1;0.30000000000000004;20;0
helene;du4i2zx1r;Logique2;10;7;0.20000000000000004;27;1
helene;du4i2zx1r;Logique2;11;1;0.30000000000000004;28;1
helene;du4i2zx1r;Logique2;12;7;0.4;35;1
helene;du4i2zx1r;Logique2;13;1;0.5;34;0
helene;du4i2zx1r;Logique2;14;2;0.4;36;1
helene;du4i2zx1r;Logique2;15;3;0.5;39;1
helene;du4i2zx1r;Logique2;16;7;0.6;46;1
helene;du4i2zx1r;Logique2;17;5;0.7;51;1
helene;du4i2zx1r;Logique2;18;3;0.7999999999999999;48;0
helene;du4i2zx1r;Logique2;19;1;0.7;47;0
helene;du4i2zx1r;Logique2;20;1;0.6;46;0
helene;du4i2zx1r;Logique2;21;7;0.5;53;1
helene;du4i2zx1r;Logique2;22;7;0.6;60;1
helene;du4i2zx1r;Logique2;23;1;0.7;59;0
helene;du4i2zx1r;Logique2;24;1;0.6;60;1
helene;du4i2zx1r;Logique2;25;1;0.7;61;1
helene;du4i2zx1r;Logique2;26;1;0.7999999999999999;60;0
helene;du4i2zx1r;Logique2;27;1;0.7;61;1
helene;du4i2zx1r;Logique2;28;1;0.7999999999999999;62;1
helene;du4i2zx1r;Logique2;29;1;0.8999999999999999;61;0
helene;du4i2zx1r;Logique2;30;2;0.7999999999999999;63;1
helene;du4i2zx1r;Sensoriel;1;7;0;7;1
helene;du4i2zx1r;Sensoriel;2;1;0.1;6;0
helene;du4i2zx1r;Sensoriel;3;7;0;13;1
helene;du4i2zx1r;Sensoriel;4;7;0.1;20;1
helene;du4i2zx1r;Sensoriel;5;7;0.2;27;1
helene;du4i2zx1r;Sensoriel;6;7;0.30000000000000004;34;1
helene;du4i2zx1r;Sensoriel;7;1;0.4;33;0
helene;du4i2zx1r;Sensoriel;8;1;0.30000000000000004;34;1
helene;du4i2zx1r;Sensoriel;9;1;0.4;33;0
helene;du4i2zx1r;Sensoriel;10;1;0.30000000000000004;32;0
helene;du4i2zx1r;Sensoriel;11;1;0.20000000000000004;31;0
helene;du4i2zx1r;Sensoriel;12;3;0.10000000000000003;34;1
helene;du4i2zx1r;Sensoriel;13;4;0.20000000000000004;30;0
helene;du4i2zx1r;Sensoriel;14;7;0.10000000000000003;37;1
helene;du4i2zx1r;Sensoriel;15;7;0.20000000000000004;44;1
helene;du4i2zx1r;Sensoriel;16;7;0.30000000000000004;51;1
helene;du4i2zx1r;Sensoriel;17;1;0.4;50;0
helene;du4i2zx1r;Sensoriel;18;1;0.30000000000000004;49;0
helene;du4i2zx1r;Sensoriel;19;7;0.20000000000000004;56;1
helene;du4i2zx1r;Sensoriel;20;1;0.30000000000000004;55;0
helene;du4i2zx1r;Sensoriel;21;7;0.20000000000000004;62;1
helene;du4i2zx1r;Sensoriel;22;3;0.30000000000000004;65;1
helene;du4i2zx1r;Sensoriel;23;1;0.4;66;1
helene;du4i2zx1r;Sensoriel;24;1;0.5;65;0
helene;du4i2zx1r;Sensoriel;25;1;0.4;64;0
helene;du4i2zx1r;Sensoriel;26;1;0.30000000000000004;63;0
helene;du4i2zx1r;Sensoriel;27;1;0.20000000000000004;62;0
helene;du4i2zx1r;Sensoriel;28;1;0.10000000000000003;61;0
helene;du4i2zx1r;Sensoriel;29;1;2.7755575615628914e-17;60;0
helene;du4i2zx1r;Sensoriel;30;7;0;67;1
pam;4635ohkot;Sensoriel;1;1;0;1;1
pam;4635ohkot;Sensoriel;2;7;0.1;-6;0
pam;4635ohkot;Sensoriel;3;5;0;-1;1
pam;4635ohkot;Sensoriel;4;5;0.1;4;1
pam;4635ohkot;Sensoriel;5;5;0.2;9;1
pam;4635ohkot;Sensoriel;6;5;0.30000000000000004;4;0
pam;4635ohkot;Sensoriel;7;4;0.20000000000000004;8;1
pam;4635ohkot;Sensoriel;8;5;0.30000000000000004;13;1
pam;4635ohkot;Sensoriel;9;3;0.4;16;1
pam;4635ohkot;Sensoriel;10;3;0.5;13;0
pam;4635ohkot;Sensoriel;11;2;0.4;11;0
pam;4635ohkot;Sensoriel;12;1;0.30000000000000004;12;1
pam;4635ohkot;Sensoriel;13;1;0.4;13;1
pam;4635ohkot;Sensoriel;14;1;0.5;12;0
pam;4635ohkot;Sensoriel;15;1;0.4;11;0
pam;4635ohkot;Sensoriel;16;1;0.30000000000000004;10;0
pam;4635ohkot;Sensoriel;17;1;0.20000000000000004;9;0
pam;4635ohkot;Sensoriel;18;1;0.10000000000000003;8;0
pam;4635ohkot;Sensoriel;19;1;2.7755575615628914e-17;7;0
pam;4635ohkot;Sensoriel;20;1;0;6;0
pam;4635ohkot;Sensoriel;21;1;0;5;0
pam;4635ohkot;Sensoriel;22;2;0;7;1
pam;4635ohkot;Sensoriel;23;1;0.1;6;0
pam;4635ohkot;Sensoriel;24;4;0;10;1
pam;4635ohkot;Sensoriel;25;7;0.1;17;1
pam;4635ohkot;Sensoriel;26;7;0.2;24;1
pam;4635ohkot;Sensoriel;27;5;0.30000000000000004;29;1
pam;4635ohkot;Sensoriel;28;6;0.4;23;0
pam;4635ohkot;Sensoriel;29;2;0.30000000000000004;25;1
pam;4635ohkot;Sensoriel;30;1;0.4;24;0
pam;4635ohkot;Motrice;1;2;4.034264097200273;-2;0
pam;4635ohkot;Motrice;2;5;3.1634973615297346;3;1
pam;4635ohkot;Motrice;3;7;4.034264097200273;10;1
pam;4635ohkot;Motrice;4;7;4.7534692783297245;3;0
pam;4635ohkot;Motrice;5;7;4.034264097200273;-4;0
pam;4635ohkot;Motrice;6;2;3.1634973615297346;-2;1
pam;4635ohkot;Motrice;7;3;4.034264097200273;1;1
pam;4635ohkot;Motrice;8;4;4.7534692783297245;-3;0
pam;4635ohkot;Motrice;9;5;4.034264097200273;-8;0
pam;4635ohkot;Motrice;10;5;3.1634973615297346;-3;1
pam;4635ohkot;Motrice;11;5;4.034264097200273;2;1
pam;4635ohkot;Motrice;12;5;4.7534692783297245;7;1
pam;4635ohkot;Motrice;13;1;5.381755349031991;6;0
pam;4635ohkot;Motrice;14;1;4.7534692783297245;5;0
pam;4635ohkot;Motrice;15;7;4.034264097200273;12;1
pam;4635ohkot;Motrice;16;5;4.7534692783297245;7;0
pam;4635ohkot;Motrice;17;4;4.034264097200273;3;0
pam;4635ohkot;Motrice;18;7;3.1634973615297346;-4;0
pam;4635ohkot;Motrice;19;7;2.006938556659452;3;1
pam;4635ohkot;Motrice;20;7;3.1634973615297346;10;1
pam;4635ohkot;Motrice;21;7;4.034264097200273;17;1
pam;4635ohkot;Motrice;22;7;4.7534692783297245;24;1
pam;4635ohkot;Motrice;23;1;5.381755349031991;25;1
pam;4635ohkot;Motrice;24;4;5.95240197898444;21;0
pam;4635ohkot;Motrice;25;2;5.381755349031991;19;0
pam;4635ohkot;Motrice;26;2;4.7534692783297245;17;0
pam;4635ohkot;Motrice;27;3;4.034264097200273;20;1
pam;4635ohkot;Motrice;28;5;4.7534692783297245;25;1
pam;4635ohkot;Motrice;29;6;5.381755349031991;31;1
pam;4635ohkot;Motrice;30;7;5.95240197898444;24;0
pam;4635ohkot;Logique2;1;7;0.1;-7;0
pam;4635ohkot;Logique2;2;7;0;0;1
pam;4635ohkot;Logique2;3;7;0.1;7;1
pam;4635ohkot;Logique2;4;7;0.2;14;1
pam;4635ohkot;Logique2;5;5;0.30000000000000004;19;1
pam;4635ohkot;Logique2;6;7;0.4;26;1
pam;4635ohkot;Logique2;7;7;0.5;33;1
pam;4635ohkot;Logique2;8;7;0.6;40;1
pam;4635ohkot;Logique2;9;5;0.7;45;1
pam;4635ohkot;Logique2;10;7;0.7999999999999999;52;1
pam;4635ohkot;Logique2;11;7;0.8999999999999999;45;0
pam;4635ohkot;Logique2;12;7;0.7999999999999999;52;1
pam;4635ohkot;Logique2;13;7;0.8999999999999999;45;0
pam;4635ohkot;Logique2;14;7;0.7999999999999999;38;0
pam;4635ohkot;Logique2;15;7;0.7;31;0
pam;4635ohkot;Logique2;16;7;0.6;38;1
pam;4635ohkot;Logique2;17;7;0.7;45;1
pam;4635ohkot;Logique2;18;7;0.7999999999999999;38;0
pam;4635ohkot;Logique2;19;6;0.7;32;0
pam;4635ohkot;Logique2;20;7;0.6;39;1
pam;4635ohkot;Logique2;21;7;0.7;46;1
pam;4635ohkot;Logique2;22;7;0.7999999999999999;53;1
pam;4635ohkot;Logique2;23;7;0.8999999999999999;46;0
pam;4635ohkot;Logique2;24;7;0.7999999999999999;53;1
pam;4635ohkot;Logique2;25;1;0.8999999999999999;54;1
pam;4635ohkot;Logique2;26;6;0.9999999999999999;48;0
pam;4635ohkot;Logique2;27;7;0.8999999999999999;55;1
pam;4635ohkot;Logique2;28;7;0.9999999999999999;48;0
pam;4635ohkot;Logique2;29;7;0.8999999999999999;41;0
pam;4635ohkot;Logique2;30;7;0.7999999999999999;34;0
Rachelle;a17b1zejs;Sensoriel;1;1;0;-1;0
Rachelle;a17b1zejs;Sensoriel;2;1;0;-2;0
Rachelle;a17b1zejs;Sensoriel;3;5;0;3;1
Rachelle;a17b1zejs;Sensoriel;4;5;0.1;8;1
Rachelle;a17b1zejs;Sensoriel;5;5;0.2;13;1
Rachelle;a17b1zejs;Sensoriel;6;5;0.30000000000000004;8;0
Rachelle;a17b1zejs;Sensoriel;7;5;0.20000000000000004;13;1
Rachelle;a17b1zejs;Sensoriel;8;5;0.30000000000000004;18;1
Rachelle;a17b1zejs;Sensoriel;9;4;0.4;14;0
Rachelle;a17b1zejs;Sensoriel;10;2;0.30000000000000004;12;0
Rachelle;a17b1zejs;Sensoriel;11;4;0.20000000000000004;16;1
Rachelle;a17b1zejs;Sensoriel;12;3;0.30000000000000004;13;0
Rachelle;a17b1zejs;Sensoriel;13;4;0.20000000000000004;17;1
Rachelle;a17b1zejs;Sensoriel;14;4;0.30000000000000004;13;0
Rachelle;a17b1zejs;Sensoriel;15;5;0.20000000000000004;18;1
Rachelle;a17b1zejs;Sensoriel;16;4;0.30000000000000004;14;0
Rachelle;a17b1zejs;Sensoriel;17;5;0.20000000000000004;19;1
Rachelle;a17b1zejs;Sensoriel;18;5;0.30000000000000004;14;0
Rachelle;a17b1zejs;Sensoriel;19;4;0.20000000000000004;18;1
Rachelle;a17b1zejs;Sensoriel;20;4;0.30000000000000004;14;0
Rachelle;a17b1zejs;Sensoriel;21;4;0.20000000000000004;10;0
Rachelle;a17b1zejs;Sensoriel;22;3;0.10000000000000003;7;0
Rachelle;a17b1zejs;Sensoriel;23;5;2.7755575615628914e-17;12;1
Rachelle;a17b1zejs;Sensoriel;24;5;0.10000000000000003;7;0
Rachelle;a17b1zejs;Sensoriel;25;5;2.7755575615628914e-17;12;1
Rachelle;a17b1zejs;Sensoriel;26;5;0.10000000000000003;17;1
Rachelle;a17b1zejs;Sensoriel;27;5;0.20000000000000004;22;1
Rachelle;a17b1zejs;Sensoriel;28;4;0.30000000000000004;18;0
Rachelle;a17b1zejs;Sensoriel;29;5;0.20000000000000004;13;0
Rachelle;a17b1zejs;Sensoriel;30;5;0.10000000000000003;18;1
Rachelle;a17b1zejs;Motrice;1;4;4.034264097200273;-4;0
Rachelle;a17b1zejs;Motrice;2;1;3.1634973615297346;-5;0
Rachelle;a17b1zejs;Motrice;3;1;2.006938556659452;-4;1
Rachelle;a17b1zejs;Motrice;4;1;3.1634973615297346;-5;0
Rachelle;a17b1zejs;Motrice;5;1;2.006938556659452;-4;1
Rachelle;a17b1zejs;Motrice;6;1;3.1634973615297346;-5;0
Rachelle;a17b1zejs;Motrice;7;1;2.006938556659452;-4;1
Rachelle;a17b1zejs;Motrice;8;1;3.1634973615297346;-5;0
Rachelle;a17b1zejs;Motrice;9;1;2.006938556659452;-4;1
Rachelle;a17b1zejs;Motrice;10;1;3.1634973615297346;-5;0
Rachelle;a17b1zejs;Motrice;11;3;2.006938556659452;-2;1
Rachelle;a17b1zejs;Motrice;12;3;3.1634973615297346;-5;0
Rachelle;a17b1zejs;Motrice;13;3;2.006938556659452;-2;1
Rachelle;a17b1zejs;Motrice;14;3;3.1634973615297346;1;1
Rachelle;a17b1zejs;Motrice;15;3;4.034264097200273;-2;0
Rachelle;a17b1zejs;Motrice;16;3;3.1634973615297346;1;1
Rachelle;a17b1zejs;Motrice;17;3;4.034264097200273;-2;0
Rachelle;a17b1zejs;Motrice;18;5;3.1634973615297346;3;1
Rachelle;a17b1zejs;Motrice;19;6;4.034264097200273;-3;0
Rachelle;a17b1zejs;Motrice;20;6;3.1634973615297346;3;1
Rachelle;a17b1zejs;Motrice;21;6;4.034264097200273;-3;0
Rachelle;a17b1zejs;Motrice;22;6;3.1634973615297346;3;1
Rachelle;a17b1zejs;Motrice;23;6;4.034264097200273;-3;0
Rachelle;a17b1zejs;Motrice;24;6;3.1634973615297346;3;1
Rachelle;a17b1zejs;Motrice;25;7;4.034264097200273;-4;0
Rachelle;a17b1zejs;Motrice;26;7;3.1634973615297346;3;1
Rachelle;a17b1zejs;Motrice;27;7;4.034264097200273;-4;0
Rachelle;a17b1zejs;Motrice;28;7;3.1634973615297346;3;1
Rachelle;a17b1zejs;Motrice;29;7;4.034264097200273;10;1
Rachelle;a17b1zejs;Motrice;30;7;4.7534692783297245;3;0
Rachelle;a17b1zejs;Logique2;1;4;0.1;-4;0
Rachelle;a17b1zejs;Logique2;2;2;0;-2;1
Rachelle;a17b1zejs;Logique2;3;4;0.1;2;1
Rachelle;a17b1zejs;Logique2;4;4;0.2;6;1
Rachelle;a17b1zejs;Logique2;5;7;0.30000000000000004;-1;0
Rachelle;a17b1zejs;Logique2;6;3;0.20000000000000004;2;1
Rachelle;a17b1zejs;Logique2;7;6;0.30000000000000004;-4;0
Rachelle;a17b1zejs;Logique2;8;3;0.20000000000000004;-7;0
Rachelle;a17b1zejs;Logique2;9;6;0.10000000000000003;-1;1
Rachelle;a17b1zejs;Logique2;10;7;0.20000000000000004;6;1
Rachelle;a17b1zejs;Logique2;11;2;0.30000000000000004;8;1
Rachelle;a17b1zejs;Logique2;12;4;0.4;12;1
Rachelle;a17b1zejs;Logique2;13;6;0.5;18;1
Rachelle;a17b1zejs;Logique2;14;7;0.6;25;1
Rachelle;a17b1zejs;Logique2;15;7;0.7;32;1
Rachelle;a17b1zejs;Logique2;16;7;0.7999999999999999;25;0
Rachelle;a17b1zejs;Logique2;17;6;0.7;19;0
Rachelle;a17b1zejs;Logique2;18;3;0.6;16;0
Rachelle;a17b1zejs;Logique2;19;2;0.5;18;1
Rachelle;a17b1zejs;Logique2;20;2;0.6;16;0
Rachelle;a17b1zejs;Logique2;21;2;0.5;14;0
Rachelle;a17b1zejs;Logique2;22;2;0.4;16;1
Rachelle;a17b1zejs;Logique2;23;7;0.5;23;1
Rachelle;a17b1zejs;Logique2;24;2;0.6;21;0
Rachelle;a17b1zejs;Logique2;25;2;0.5;19;0
Rachelle;a17b1zejs;Logique2;26;3;0.4;22;1
Rachelle;a17b1zejs;Logique2;27;5;0.5;27;1
Rachelle;a17b1zejs;Logique2;28;7;0.6;20;0
Rachelle;a17b1zejs;Logique2;29;6;0.5;26;1
Rachelle;a17b1zejs;Logique2;30;2;0.6;28;1
ALEXANDRA;xdkpf0emn;Sensoriel;1;7;0;7;1
ALEXANDRA;xdkpf0emn;Sensoriel;2;7;0.1;14;1
ALEXANDRA;xdkpf0emn;Sensoriel;3;7;0.2;21;1
ALEXANDRA;xdkpf0emn;Sensoriel;4;7;0.30000000000000004;28;1
ALEXANDRA;xdkpf0emn;Sensoriel;5;3;0.4;31;1
ALEXANDRA;xdkpf0emn;Sensoriel;6;2;0.5;29;0
ALEXANDRA;xdkpf0emn;Sensoriel;7;1;0.4;28;0
ALEXANDRA;xdkpf0emn;Sensoriel;8;1;0.30000000000000004;27;0
ALEXANDRA;xdkpf0emn;Sensoriel;9;1;0.20000000000000004;26;0
ALEXANDRA;xdkpf0emn;Sensoriel;10;1;0.10000000000000003;25;0
ALEXANDRA;xdkpf0emn;Sensoriel;11;1;2.7755575615628914e-17;24;0
ALEXANDRA;xdkpf0emn;Sensoriel;12;1;0;23;0
ALEXANDRA;xdkpf0emn;Sensoriel;13;7;0;30;1
ALEXANDRA;xdkpf0emn;Sensoriel;14;5;0.1;35;1
ALEXANDRA;xdkpf0emn;Sensoriel;15;7;0.2;42;1
ALEXANDRA;xdkpf0emn;Sensoriel;16;3;0.30000000000000004;45;1
ALEXANDRA;xdkpf0emn;Sensoriel;17;3;0.4;42;0
ALEXANDRA;xdkpf0emn;Sensoriel;18;3;0.30000000000000004;45;1
ALEXANDRA;xdkpf0emn;Sensoriel;19;1;0.4;44;0
ALEXANDRA;xdkpf0emn;Sensoriel;20;1;0.30000000000000004;43;0
ALEXANDRA;xdkpf0emn;Sensoriel;21;1;0.20000000000000004;42;0
ALEXANDRA;xdkpf0emn;Sensoriel;22;1;0.10000000000000003;41;0
ALEXANDRA;xdkpf0emn;Sensoriel;23;7;2.7755575615628914e-17;48;1
ALEXANDRA;xdkpf0emn;Sensoriel;24;4;0.10000000000000003;44;0
ALEXANDRA;xdkpf0emn;Sensoriel;25;7;2.7755575615628914e-17;51;1
ALEXANDRA;xdkpf0emn;Sensoriel;26;7;0.10000000000000003;58;1
ALEXANDRA;xdkpf0emn;Sensoriel;27;7;0.20000000000000004;65;1
ALEXANDRA;xdkpf0emn;Sensoriel;28;1;0.30000000000000004;64;0
ALEXANDRA;xdkpf0emn;Sensoriel;29;7;0.20000000000000004;71;1
ALEXANDRA;xdkpf0emn;Sensoriel;30;2;0.30000000000000004;73;1
ALEXANDRA;xdkpf0emn;Motrice;1;7;4.034264097200273;7;1
ALEXANDRA;xdkpf0emn;Motrice;2;7;4.7534692783297245;14;1
ALEXANDRA;xdkpf0emn;Motrice;3;7;5.381755349031991;7;0
ALEXANDRA;xdkpf0emn;Motrice;4;4;4.7534692783297245;3;0
ALEXANDRA;xdkpf0emn;Motrice;5;7;4.034264097200273;10;1
ALEXANDRA;xdkpf0emn;Motrice;6;7;4.7534692783297245;17;1
ALEXANDRA;xdkpf0emn;Motrice;7;7;5.381755349031991;24;1
ALEXANDRA;xdkpf0emn;Motrice;8;6;5.95240197898444;30;1
ALEXANDRA;xdkpf0emn;Motrice;9;6;6.486337229729588;24;0
ALEXANDRA;xdkpf0emn;Motrice;10;4;5.95240197898444;20;0
ALEXANDRA;xdkpf0emn;Motrice;11;7;5.381755349031991;27;1
ALEXANDRA;xdkpf0emn;Motrice;12;7;5.95240197898444;34;1
ALEXANDRA;xdkpf0emn;Motrice;13;7;6.486337229729588;41;1
ALEXANDRA;xdkpf0emn;Motrice;14;7;6.998323261344622;48;1
ALEXANDRA;xdkpf0emn;Motrice;15;7;7.5;55;1
ALEXANDRA;xdkpf0emn;Motrice;16;7;8.001676738655377;62;1
ALEXANDRA;xdkpf0emn;Motrice;17;7;8.513662770270411;55;0
ALEXANDRA;xdkpf0emn;Motrice;18;6;8.001676738655377;49;0
ALEXANDRA;xdkpf0emn;Motrice;19;7;7.5;42;0
ALEXANDRA;xdkpf0emn;Motrice;20;5;6.998323261344622;37;0
ALEXANDRA;xdkpf0emn;Motrice;21;7;6.486337229729588;30;0
ALEXANDRA;xdkpf0emn;Motrice;22;4;5.95240197898444;34;1
ALEXANDRA;xdkpf0emn;Motrice;23;7;6.486337229729588;41;1
ALEXANDRA;xdkpf0emn;Motrice;24;7;6.998323261344622;34;0
ALEXANDRA;xdkpf0emn;Motrice;25;6;6.486337229729588;28;0
ALEXANDRA;xdkpf0emn;Motrice;26;3;5.95240197898444;31;1
ALEXANDRA;xdkpf0emn;Motrice;27;7;6.486337229729588;38;1
ALEXANDRA;xdkpf0emn;Motrice;28;7;6.998323261344622;31;0
ALEXANDRA;xdkpf0emn;Motrice;29;3;6.486337229729588;28;0
ALEXANDRA;xdkpf0emn;Motrice;30;1;5.95240197898444;27;0
ALEXANDRA;xdkpf0emn;Logique2;1;1;0.1;-1;0
ALEXANDRA;xdkpf0emn;Logique2;2;1;0;0;1
ALEXANDRA;xdkpf0emn;Logique2;3;1;0.1;1;1
ALEXANDRA;xdkpf0emn;Logique2;4;7;0.2;-6;0
ALEXANDRA;xdkpf0emn;Logique2;5;7;0.1;1;1
ALEXANDRA;xdkpf0emn;Logique2;6;7;0.2;8;1
ALEXANDRA;xdkpf0emn;Logique2;7;7;0.30000000000000004;1;0
ALEXANDRA;xdkpf0emn;Logique2;8;7;0.20000000000000004;8;1
ALEXANDRA;xdkpf0emn;Logique2;9;7;0.30000000000000004;1;0
ALEXANDRA;xdkpf0emn;Logique2;10;7;0.20000000000000004;-6;0
ALEXANDRA;xdkpf0emn;Logique2;11;7;0.10000000000000003;1;1
ALEXANDRA;xdkpf0emn;Logique2;12;7;0.20000000000000004;-6;0
ALEXANDRA;xdkpf0emn;Logique2;13;7;0.10000000000000003;1;1
ALEXANDRA;xdkpf0emn;Logique2;14;7;0.20000000000000004;8;1
ALEXANDRA;xdkpf0emn;Logique2;15;7;0.30000000000000004;1;0
ALEXANDRA;xdkpf0emn;Logique2;16;7;0.20000000000000004;8;1
ALEXANDRA;xdkpf0emn;Logique2;17;7;0.30000000000000004;1;0
ALEXANDRA;xdkpf0emn;Logique2;18;7;0.20000000000000004;-6;0
ALEXANDRA;xdkpf0emn;Logique2;19;7;0.10000000000000003;1;1
ALEXANDRA;xdkpf0emn;Logique2;20;7;0.20000000000000004;-6;0
ALEXANDRA;xdkpf0emn;Logique2;21;7;0.10000000000000003;1;1
ALEXANDRA;xdkpf0emn;Logique2;22;7;0.20000000000000004;8;1
ALEXANDRA;xdkpf0emn;Logique2;23;7;0.30000000000000004;1;0
ALEXANDRA;xdkpf0emn;Logique2;24;7;0.20000000000000004;8;1
ALEXANDRA;xdkpf0emn;Logique2;25;7;0.30000000000000004;1;0
ALEXANDRA;xdkpf0emn;Logique2;26;7;0.20000000000000004;8;1
ALEXANDRA;xdkpf0emn;Logique2;27;7;0.30000000000000004;15;1
ALEXANDRA;xdkpf0emn;Logique2;28;7;0.4;22;1
ALEXANDRA;xdkpf0emn;Logique2;29;7;0.5;15;0
ALEXANDRA;xdkpf0emn;Logique2;30;7;0.4;8;0
